Title,Title_URL,price,shortDesc1,shortDesc2,age,type,mileage,engineSize,EnginePower,transmission,fuel,noOwners,dealer,CarName,MoreDetails,priceRating,dealerReviews,mileage1,age1,fuel1,type1,engineSize1,transmission1,noDoors,noSeats,emmissionClass,longDescription
Porsche Macan,https://www.autotrader.co.uk/car-details/202311214168311?journey=FEATURED_LISTING_JOURNEY&sort=relevance&twcs=true&advertising-location=at_cars&make=Porsche&page=1&postcode=WR3%207AE&fromsra,,3.0 TD V6 S PDK 4WD Euro 6 (s/s) 5dr,Heated Seats - Heated Steering,,SUV,,3.0L,258BHP,,,Full service history,REPUTE AUTOMOTIVE - See all 10 cars,,,,,,,,,,,,,,
Porsche Boxster,https://www.autotrader.co.uk/car-details/202401316084234?sort=relevance&advertising-location=at_cars&make=Porsche&page=1&postcode=WR3%207AE&fromsra,,3.2 986 S Tiptronic S 2dr,"Px to clear ! Read add.!!,,,",,Convertible,,3.2L,252BHP,,,,Autoconnection - See all 7 cars,,,,,,,,,,,,,,
Porsche Boxster,https://www.autotrader.co.uk/car-details/202403047199207?sort=relevance&advertising-location=at_cars&make=Porsche&page=1&postcode=WR3%207AE&fromsra,,2.7 986 2dr,Cheapest 2004...Repair Project,,Convertible,,2.7L,228BHP,,,5 owners,Lewcam 2,,,,,,,,,,,,,,
Porsche Cayenne,https://www.autotrader.co.uk/car-details/202310183105508?sort=relevance&advertising-location=at_cars&make=Porsche&page=1&postcode=WR3%207AE&fromsra,,4.5 S Tiptronic S AWD 5dr,,,SUV,,4.5L,340BHP,,,8 owners,Empire Cars - See all 65 cars,,,,,,,,,,,,,,
Porsche 924,https://www.autotrader.co.uk/car-details/202311194102943?sort=relevance&advertising-location=at_cars&make=Porsche&page=1&postcode=WR3%207AE&fromsra,,2.5 S 2dr,Targa Top. 924s. Black,,Coupe,,2.5L,150BHP,,,12 owners,"Mileage55,000 miles",,,,,,,,,,,,,,
Porsche Boxster,https://www.autotrader.co.uk/car-details/202403037160798?sort=relevance&advertising-location=at_cars&make=Porsche&page=1&postcode=WR3%207AE&fromsra,,,,,Convertible,,Automatic,Petrol,,,,"Mileage122,000 miles",,,,,,,,,,,,,,
Porsche Boxster,https://www.autotrader.co.uk/car-details/202401165620162?sort=relevance&advertising-location=at_cars&make=Porsche&page=1&postcode=WR3%207AE&fromsra,,2.7 987 2dr,BEAUTIFUL INSIDE AND OUT//WOW,,Convertible,,2.7L,240BHP,,,8 owners,PX CARS LTD - See all 129 cars,,,,,,,,,,,,,,
Porsche Cayenne,https://www.autotrader.co.uk/car-details/202402266971270?sort=relevance&advertising-location=at_cars&make=Porsche&page=1&postcode=WR3%207AE&fromsra,,3.0 TD V6 Tiptronic 4WD Euro 5 (s/s) 5dr,Air Suspension-Aux Heating-,,SUV,,3.0L,240PS,,,,Midlands Select Autos - See all 8 cars,,,,,,,,,,,,,,
Porsche Boxster,https://www.autotrader.co.uk/car-details/202403047191114?sort=relevance&twcs=true&advertising-location=at_cars&make=Porsche&page=1&postcode=WR3%207AE&fromsra,,"3.2 986 S Convertible 2dr Petrol Manual (265 g/km, 252 bhp)",BLACK LEATHER SEATS,,Convertible,,Manual,Petrol,,,,Gold Cars Ltd - See all 53 cars,,,,,,,,,,,,,,
Porsche Boxster,https://www.autotrader.co.uk/car-details/202308120720696?sort=relevance&advertising-location=at_cars&make=Porsche&page=1&postcode=WR3%207AE&fromsra,,3.2 986 S 2dr,PORSCHE BOXSTER 3.2s New Roof,,Convertible,,3.2L,252BHP,,,Part service history,"Mileage98,500 miles",,,,,,,,,,,,,,
Porsche Cayenne,https://www.autotrader.co.uk/car-details/202403047207542?sort=relevance&advertising-location=at_cars&make=Porsche&page=1&postcode=WR3%207AE&fromsra,,4.8 S Tiptronic S AWD 5dr,,,SUV,,4.8L,385BHP,,,2 owners,Munich Performance - See all 31 cars,,,,,,,,,,,,,,
Porsche Cayenne,https://www.autotrader.co.uk/car-details/202401195713455?journey=YOU_MAY_ALSO_LIKE_JOURNEY&sort=relevance&advertising-location=at_cars&make=Porsche&page=1&postcode=WR3%207AE&fromsra,,4.8T V8 Turbo TiptronicS 4WD Euro 6 (s/s) 5dr,TURBO-£132K WHEN NEW- F.P.S.H,,SUV,,4.8L,520PS,,,Full dealership history,Indigo Autos - See all 16 cars,,,,,,,,,,,,,,
Porsche Cayenne,https://www.autotrader.co.uk/car-details/202401195713455?journey=FEATURED_LISTING_JOURNEY&sort=relevance&advertising-location=at_cars&make=Porsche&page=2&postcode=WR3%207AE&fromsra,,4.8T V8 Turbo TiptronicS 4WD Euro 6 (s/s) 5dr,TURBO-£132K WHEN NEW- F.P.S.H,,SUV,,4.8L,520PS,,,Full dealership history,Indigo Autos - See all 16 cars,,,,,,,,,,,,,,
Porsche Cayenne,https://www.autotrader.co.uk/car-details/202403017121934?sort=relevance&advertising-location=at_cars&make=Porsche&page=2&postcode=WR3%207AE&fromsra,,3.0 TD V6 Tiptronic 4WD Euro 5 (s/s) 5dr,FSH|LEATHER|SAT NAV,,SUV,,3.0L,237BHP,,,,Jack Henry Group - See all 80 cars,,,,,,,,,,,,,,
Porsche Boxster,https://www.autotrader.co.uk/car-details/202401275955743?sort=relevance&advertising-location=at_cars&make=Porsche&page=2&postcode=WR3%207AE&fromsra,,3.2 986 S 2dr,Full Service History,,Convertible,,3.2L,260BHP,,,6 owners,PHC Car Sales - See all 16 cars,,,,,,,,,,,,,,
Porsche Cayenne,https://www.autotrader.co.uk/car-details/202403057224126?sort=relevance&advertising-location=at_cars&make=Porsche&page=2&postcode=WR3%207AE&fromsra,,3.0 TDI V6 Tiptronic S AWD 5dr,WOW WHAT ALOT OF CAR FOR THE £,,SUV,,3.0L,237BHP,,,Part service history,Fields Dunley Service Station - See all 11 cars,,,,,,,,,,,,,,
Porsche Boxster,https://www.autotrader.co.uk/car-details/202402156596606?sort=relevance&advertising-location=at_cars&make=Porsche&page=2&postcode=WR3%207AE&fromsra,,3.2 986 S 2dr,Great value Porsche,,Convertible,,3.2L,252BHP,,,7 owners,"Mileage130,000 miles",,,,,,,,,,,,,,
Porsche Boxster,https://www.autotrader.co.uk/car-details/202312084666546?sort=relevance&advertising-location=at_cars&make=Porsche&page=2&postcode=WR3%207AE&fromsra,,2.7 987 2dr,Lovely Specification Example,,Convertible,,2.7L,240BHP,,,,Autostrada Limited - See all 62 cars,,,,,,,,,,,,,,
Porsche Boxster,https://www.autotrader.co.uk/car-details/202402086386951?sort=relevance&advertising-location=at_cars&make=Porsche&page=2&postcode=WR3%207AE&fromsra,,2.5 986 2dr,Original 2.5 getting veryrare!,,Convertible,,2.5L,204BHP,,,5 owners,"Mileage138,855 miles",,,,,,,,,,,,,,
Porsche Panamera,https://www.autotrader.co.uk/car-details/202402186703535?sort=relevance&advertising-location=at_cars&make=Porsche&page=2&postcode=WR3%207AE&fromsra,,3.0D V6 TiptronicS Euro 5 5dr,ULEZ-SATNAV-2KEYS-BOSE-DVDS,,Hatchback,,3.0L,250PS,,,4 owners,Prestige Car Sales - See all 78 cars,,,,,,,,,,,,,,
Porsche Cayenne,https://www.autotrader.co.uk/car-details/202403057246065?sort=relevance&advertising-location=at_cars&make=Porsche&page=2&postcode=WR3%207AE&fromsra,,4.5 S Tiptronic S AWD 5dr,"Great Value, 14 Stamps S/H",,SUV,,4.5L,340BHP,,,3 owners,Lsb Car Sales,,,,,,,,,,,,,,
Porsche Boxster,https://www.autotrader.co.uk/car-details/202312054562880?sort=relevance&advertising-location=at_cars&make=Porsche&page=2&postcode=WR3%207AE&fromsra,,3.4 987 S Tiptronic S 2dr,FSH upto 101k miles,,Convertible,,3.4L,295BHP,,,5 owners,Jacks 4 All - See all 39 cars,,,,,,,,,,,,,,
Porsche Cayenne,https://www.autotrader.co.uk/car-details/202402176684012?sort=relevance&advertising-location=at_cars&make=Porsche&page=2&postcode=WR3%207AE&fromsra,,4.5 S Tiptronic S AWD 5dr,2 KEYS ULEZ FREE AIRCON SATNAV,,SUV,,4.5L,340BHP,,,2 owners,Automatic Motors Ltd - See all 93 cars,,,,,,,,,,,,,,
Porsche Panamera,https://www.autotrader.co.uk/car-details/202402086380214?journey=YOU_MAY_ALSO_LIKE_JOURNEY&sort=relevance&advertising-location=at_cars&make=Porsche&page=2&postcode=WR3%207AE&fromsra,,4.8 V8 4S PDK 4WD Euro 5 (s/s) 5dr,"PORSCHE PANAMERA 4S £19,995",,Hatchback,,4.8L,400PS,,,Full service history,Wilkins Motorcaravans - See all cars,,,,,,,,,,,,,,
Porsche Macan,https://www.autotrader.co.uk/car-details/202401045244365?journey=FEATURED_LISTING_JOURNEY&sort=relevance&advertising-location=at_cars&make=Porsche&page=3&postcode=WR3%207AE&fromsra,,3.0 TD V6 S PDK 4WD Euro 6 (s/s) 5dr,FSH NAV XENONS BLUETOOTH DAB,,SUV,,3.0L,258PS,,,,Carnet Midlands Ltd - See all 27 cars,,,,,,,,,,,,,,
Porsche Macan,https://www.autotrader.co.uk/car-details/202402076322456?sort=relevance&advertising-location=at_cars&make=Porsche&page=3&postcode=WR3%207AE&fromsra,,3.0 TD V6 S PDK 4WD Euro 6 (s/s) 5dr,OFF ROAD MODE/ CRUISE CONTROL,,SUV,,3.0L,258BHP,,,1 owner,Roadlink - See all 47 cars,,,,,,,,,,,,,,
Porsche Boxster,https://www.autotrader.co.uk/car-details/202312054564682?sort=relevance&twcs=true&advertising-location=at_cars&make=Porsche&page=3&postcode=WR3%207AE&fromsra,,2.5 986 Tiptronic S 2dr,,,Convertible,,2.5L,204BHP,,,Full service history,Lee Slingsby Cars - See all 26 cars,,,,,,,,,,,,,,
Porsche Boxster,https://www.autotrader.co.uk/car-details/202401265935692?sort=relevance&advertising-location=at_cars&make=Porsche&page=3&postcode=WR3%207AE&fromsra,,3.4 987 S Tiptronic S 2dr,,,Convertible,,3.4L,295BHP,,,6 owners,"Mileage134,656 miles",,,,,,,,,,,,,,
Porsche Boxster,https://www.autotrader.co.uk/car-details/202402136543975?sort=relevance&advertising-location=at_cars&make=Porsche&page=3&postcode=WR3%207AE&fromsra,,3.2 987 S 2dr,Great History,,Convertible,,3.2L,280BHP,,,6 owners,Zachary Luke Cars - See all 10 cars,,,,,,,,,,,,,,
Porsche Boxster,https://www.autotrader.co.uk/car-details/202312064598543?sort=relevance&advertising-location=at_cars&make=Porsche&page=3&postcode=WR3%207AE&fromsra,,3.2 987 S 2dr,"LONG MOT, HIGH SPEC",,Convertible,,3.2L,280BHP,,,6 owners,J D Motor Company - See all 33 cars,,,,,,,,,,,,,,
Porsche Boxster,https://www.autotrader.co.uk/car-details/202401296020312?sort=relevance&advertising-location=at_cars&make=Porsche&page=3&postcode=WR3%207AE&fromsra,,2.7 987 2dr,"FSH, MOT'd, recently serviced",,Convertible,,2.7L,240BHP,,,5 owners,"Mileage99,750 miles",,,,,,,,,,,,,,
Porsche Boxster,https://www.autotrader.co.uk/car-details/202312094684265?sort=relevance&advertising-location=at_cars&make=Porsche&page=3&postcode=WR3%207AE&fromsra,,3.2 987 S 2dr,,,Convertible,,3.2L,280BHP,,,6 owners,"Mileage51,200 miles",,,,,,,,,,,,,,
Porsche Boxster,https://www.autotrader.co.uk/car-details/202402166648807?sort=relevance&advertising-location=at_cars&make=Porsche&page=3&postcode=WR3%207AE&fromsra,,2.5 986 2dr,FSH 12 STAMPS & 12 MNTS MOT,,Convertible,,2.5L,204BHP,,,9 owners,Arthur Stanley Limited - See all 31 cars,,,,,,,,,,,,,,
Porsche Boxster,https://www.autotrader.co.uk/car-details/202308241148901?sort=relevance&advertising-location=at_cars&make=Porsche&page=3&postcode=WR3%207AE&fromsra,,2.7 987 2dr,We Suplied Previous|Immaculate,,Convertible,,2.7L,240BHP,,,7 owners,CMSPORSCHE - See all 8 cars,,,,,,,,,,,,,,
Porsche Boxster,https://www.autotrader.co.uk/car-details/202304166352994?sort=relevance&advertising-location=at_cars&make=Porsche&page=3&postcode=WR3%207AE&fromsra,,2.7 986 2dr,Long MOT|Low Mileage,,Convertible,,2.7L,228BHP,,,,NSN Motors Ltd - See all 56 cars,,,,,,,,,,,,,,
Porsche Macan,https://www.autotrader.co.uk/car-details/202401045244365?journey=YOU_MAY_ALSO_LIKE_JOURNEY&sort=relevance&advertising-location=at_cars&make=Porsche&page=3&postcode=WR3%207AE&fromsra,,3.0 TD V6 S PDK 4WD Euro 6 (s/s) 5dr,FSH NAV XENONS BLUETOOTH DAB,,SUV,,3.0L,258PS,,,,Carnet Midlands Ltd - See all 27 cars,,,,,,,,,,,,,,
Porsche Macan,https://www.autotrader.co.uk/car-details/202401045244365?journey=FEATURED_LISTING_JOURNEY&sort=relevance&advertising-location=at_cars&make=Porsche&page=4&postcode=WR3%207AE&fromsra,,3.0 TD V6 S PDK 4WD Euro 6 (s/s) 5dr,FSH NAV XENONS BLUETOOTH DAB,,SUV,,3.0L,258PS,,,,Carnet Midlands Ltd - See all 27 cars,,,,,,,,,,,,,,
Porsche Cayman,https://www.autotrader.co.uk/car-details/202311274340245?sort=relevance&advertising-location=at_cars&make=Porsche&page=4&postcode=WR3%207AE&fromsra,,2.9 987 PDK 2dr,Last owner since 2010!,,Coupe,,2.9L,265BHP,,,,Roxburghe - See all 143 cars,,,,,,,,,,,,,,
Porsche Boxster,https://www.autotrader.co.uk/car-details/202308010326576?sort=relevance&advertising-location=at_cars&make=Porsche&page=4&postcode=WR3%207AE&fromsra,,3.2 987 S 2dr,Full Service H,,Convertible,,3.2L,280BHP,,,8 owners,Munich Performance - See all 31 cars,,,,,,,,,,,,,,
Porsche Panamera,https://www.autotrader.co.uk/car-details/202312315149928?sort=relevance&advertising-location=at_cars&make=Porsche&page=4&postcode=WR3%207AE&fromsra,,3.0D V6 TiptronicS Euro 5 (s/s) 5dr,"FULL HISTORY, LONG MOT",,Hatchback,,3.0L,250PS,,,Full service history,R&R Trade Cars Ltd - See all 20 cars,,,,,,,,,,,,,,
Porsche Macan,https://www.autotrader.co.uk/car-details/202403027143875?sort=relevance&twcs=true&advertising-location=at_cars&make=Porsche&page=4&postcode=WR3%207AE&fromsra,,3.0 TD V6 S PDK 4WD Euro 6 (s/s) 5dr,"PAN-ROOF+CAM+HTD RED LTHR+21""",,SUV,,3.0L,258PS,,,,1Stop Car Sales - See all 126 cars,,,,,,,,,,,,,,
Porsche Macan,https://www.autotrader.co.uk/car-details/202402236870355?sort=relevance&advertising-location=at_cars&make=Porsche&page=4&postcode=WR3%207AE&fromsra,,2.0T PDK 4WD Euro 6 (s/s) 5dr,"PRIVACY GLASS, PAN ROOF SYSTEM",,SUV,,2.0L,252PS,,,3 owners,NICHOLAS CHARLES CARS LIMITED - See all 24 cars,,,,,,,,,,,,,,
Porsche Cayenne,https://www.autotrader.co.uk/car-details/202402266940193?sort=relevance&advertising-location=at_cars&make=Porsche&page=4&postcode=WR3%207AE&fromsra,,4.5 S Tiptronic S AWD 5dr,class and reliability,,SUV,,4.5L,340BHP,,,8 owners,"Mileage109,000 miles",,,,,,,,,,,,,,
Porsche Boxster,https://www.autotrader.co.uk/car-details/202311063700364?sort=relevance&advertising-location=at_cars&make=Porsche&page=4&postcode=WR3%207AE&fromsra,,3.2 986 S 2dr,New Roof-3 owners-14 stamps,,Convertible,,3.2L,252BHP,,,3 owners,Taurus Autos LTD - See all 20 cars,,,,,,,,,,,,,,
Porsche Cayenne,https://www.autotrader.co.uk/car-details/202402176675184?sort=relevance&advertising-location=at_cars&make=Porsche&page=4&postcode=WR3%207AE&fromsra,,4.8 GTS Tiptronic S AWD 5dr,Px Welcome ULEZ Compliant,,SUV,,4.8L,405BHP,,,,Praters - See all 164 cars,,,,,,,,,,,,,,
Porsche Cayenne,https://www.autotrader.co.uk/car-details/202310203196637?sort=relevance&advertising-location=at_cars&make=Porsche&page=4&postcode=WR3%207AE&fromsra,,4.8 S Tiptronic S AWD 5dr,"ULEZ, LEATHER, XENON, SATNAV",,SUV,,4.8L,385BHP,,,,Autoland - See all 88 cars,,,,,,,,,,,,,,
Porsche Boxster,https://www.autotrader.co.uk/car-details/202402236870113?sort=relevance&advertising-location=at_cars&make=Porsche&page=4&postcode=WR3%207AE&fromsra,,2.5 986 2dr,WHAT A CAR FOR THE SUMMER.....,,Convertible,,2.5L,204BHP,,,Part service history,SJT Motor Co - See all 12 cars,,,,,,,,,,,,,,
Porsche Macan,https://www.autotrader.co.uk/car-details/202311214168311?journey=YOU_MAY_ALSO_LIKE_JOURNEY&sort=relevance&twcs=true&advertising-location=at_cars&make=Porsche&page=4&postcode=WR3%207AE&fromsra,,3.0 TD V6 S PDK 4WD Euro 6 (s/s) 5dr,Heated Seats - Heated Steering,,SUV,,3.0L,258BHP,,,Full service history,REPUTE AUTOMOTIVE - See all 10 cars,,,,,,,,,,,,,,
Porsche Macan,https://www.autotrader.co.uk/car-details/202311214168311?journey=FEATURED_LISTING_JOURNEY&sort=relevance&twcs=true&advertising-location=at_cars&make=Porsche&page=5&postcode=WR3%207AE&fromsra,,3.0 TD V6 S PDK 4WD Euro 6 (s/s) 5dr,Heated Seats - Heated Steering,,SUV,,3.0L,258BHP,,,Full service history,REPUTE AUTOMOTIVE - See all 10 cars,,,,,,,,,,,,,,
Porsche 924,https://www.autotrader.co.uk/car-details/202402036187643?sort=relevance&advertising-location=at_cars&make=Porsche&page=5&postcode=WR3%207AE&fromsra,,2.5 S 2dr,Stunning 924's with 924 reg,,Coupe,,2.5L,150BHP,,,12 owners,"Mileage27,050 miles",,,,,,,,,,,,,,
Porsche Boxster,https://www.autotrader.co.uk/car-details/202402196709673?sort=relevance&advertising-location=at_cars&make=Porsche&page=5&postcode=WR3%207AE&fromsra,,2.7 986 2dr,TURBO+ULEZ+FSH,,Convertible,,2.7L,228BHP,,,3 owners,Evolution Motors - See all 61 cars,,,,,,,,,,,,,,
Porsche Cayenne,https://www.autotrader.co.uk/car-details/202309192133311?sort=relevance&advertising-location=at_cars&make=Porsche&page=5&postcode=WR3%207AE&fromsra,,4.8 GTS Tiptronic S AWD 5dr,What a whip!,,SUV,,4.8L,405BHP,,,4 owners,Gerry Doverman Limited - See all 35 cars,,,,,,,,,,,,,,
Porsche 718 Cayman,https://www.autotrader.co.uk/car-details/202402146561312?sort=relevance&advertising-location=at_cars&make=Porsche&page=5&postcode=WR3%207AE&fromsra,,2.0T Euro 6 (s/s) 2dr,Full Service History!!++,,Coupe,,2.0L,300PS,,,Full service history,Williams Group Wolverhampton - See all 53 cars,,,,,,,,,,,,,,
Porsche Cayman,https://www.autotrader.co.uk/car-details/202401205730730?sort=relevance&advertising-location=at_cars&make=Porsche&page=5&postcode=WR3%207AE&fromsra,,3.4 987 S 2dr,FULL SERV HIST+BOSE+LEATHER,,Coupe,,3.4L,295BHP,,,Full service history,SILSOE PRESTIGE MOTORS LTD - See all 63 cars,,,,,,,,,,,,,,
Porsche Cayman,https://www.autotrader.co.uk/car-details/202309131922133?sort=relevance&twcs=true&advertising-location=at_cars&make=Porsche&page=5&postcode=WR3%207AE&fromsra,,2.9 987 2dr,NATIONWIDE DELIVERY AVAILABLE,,Coupe,,2.9L,265BHP,,,7 owners,Autopoint York - See all 27 cars,,,,,,,,,,,,,,
Porsche Boxster,https://www.autotrader.co.uk/car-details/202401045239007?sort=relevance&advertising-location=at_cars&make=Porsche&page=5&postcode=WR3%207AE&fromsra,,2.7 986 2dr,private plates included,,Convertible,,2.7L,220BHP,,,4 owners,"Mileage82,217 miles",,,,,,,,,,,,,,
Porsche Cayenne,https://www.autotrader.co.uk/car-details/202304296816383?sort=relevance&advertising-location=at_cars&make=Porsche&page=5&postcode=WR3%207AE&fromsra,,3.0 TDI V6 Tiptronic S AWD 5dr,,,SUV,,3.0L,237BHP,,,4 owners,"Mileage137,062 miles",,,,,,,,,,,,,,
Porsche Boxster,https://www.autotrader.co.uk/car-details/202312114717313?sort=relevance&advertising-location=at_cars&make=Porsche&page=5&postcode=WR3%207AE&fromsra,,2.9 987 2dr,Service History 12 Months MOT,,Convertible,,2.9L,255BHP,,,5 owners,PHC Car Sales - See all 16 cars,,,,,,,,,,,,,,
Porsche Cayenne,https://www.autotrader.co.uk/car-details/202111099410679?sort=relevance&advertising-location=at_cars&make=Porsche&page=5&postcode=WR3%207AE&fromsra,,3.0 V6 S Platinum Edition TiptronicS 4WD Euro 6 (s/s) 5dr,VAT QUALIFYING + F/P/S/HISTORY,,SUV,,416PS,Automatic,,,Full dealership history,Bucks Trade Centre - See all 28 cars,,,,,,,,,,,,,,
Porsche Macan,https://www.autotrader.co.uk/car-details/202308311377378?journey=YOU_MAY_ALSO_LIKE_JOURNEY&sort=relevance&advertising-location=at_cars&make=Porsche&page=5&postcode=WR3%207AE&fromsra,,3.0 V6 S PDK 4WD Euro 6 (s/s) 5dr,Bi-Xenon headlights,,SUV,,3.0L,339BHP,,,,Porsche Centre Portsmouth - See all 43 cars,,,,,,,,,,,,,,
Porsche Macan,https://www.autotrader.co.uk/car-details/202309061610787?journey=FEATURED_LISTING_JOURNEY&sort=relevance&twcs=true&advertising-location=at_cars&make=Porsche&page=6&postcode=WR3%207AE&fromsra,,3.6T V6 Turbo PDK 4WD Euro 6 (s/s) 5dr,HeatedSeats-RearCamera-2 Keys,,SUV,,3.6L,400BHP,,,,The Car Group - See all 249 cars,,,,,,,,,,,,,,
Porsche Boxster,https://www.autotrader.co.uk/car-details/202401135532695?sort=relevance&advertising-location=at_cars&make=Porsche&page=6&postcode=WR3%207AE&fromsra,,2.5 986 2dr,Excellent Condition,,Convertible,,2.5L,204BHP,,,7 owners,Kelbrook Caravans - See all 8 cars,,,,,,,,,,,,,,
Porsche Boxster,https://www.autotrader.co.uk/car-details/202402196717183?sort=relevance&advertising-location=at_cars&make=Porsche&page=6&postcode=WR3%207AE&fromsra,,2.7 986 2dr,A Perfect Example,,Convertible,,2.7L,228BHP,,,,"Mileage65,000 miles",,,,,,,,,,,,,,
Porsche Boxster,https://www.autotrader.co.uk/car-details/202401155581493?sort=relevance&advertising-location=at_cars&make=Porsche&page=6&postcode=WR3%207AE&fromsra,,2.7 986 2dr,,,Convertible,,2.7L,220BHP,,,4 owners,"Mileage50,200 miles",,,,,,,,,,,,,,
Porsche Cayenne,https://www.autotrader.co.uk/car-details/202402246909780?sort=relevance&advertising-location=at_cars&make=Porsche&page=6&postcode=WR3%207AE&fromsra,,3.0 TD V6 Tiptronic 4WD Euro 5 (s/s) 5dr,Full Porsche history,,SUV,,3.0L,240PS,,,2 owners,"Mileage119,000 miles",,,,,,,,,,,,,,
Porsche Panamera,https://www.autotrader.co.uk/car-details/202402116470548?sort=relevance&advertising-location=at_cars&make=Porsche&page=6&postcode=WR3%207AE&fromsra,,3.0D V6 Platinum Edition TiptronicS Euro 5 (s/s) 5dr,Matte Military Green VinylWrap,,Hatchback,,3.0L,250PS,,,5 owners,"Mileage111,000 miles",,,,,,,,,,,,,,
Porsche Boxster,https://www.autotrader.co.uk/car-details/202311073740412?sort=relevance&advertising-location=at_cars&make=Porsche&page=6&postcode=WR3%207AE&fromsra,,2.7 987 2dr,"Sat Nav, New Tyres",,Convertible,,2.7L,245BHP,,,8 owners,"Mileage67,000 miles",,,,,,,,,,,,,,
Porsche Macan,https://www.autotrader.co.uk/car-details/202312245046892?sort=relevance&advertising-location=at_cars&make=Porsche&page=6&postcode=WR3%207AE&fromsra,,3.0 TD V6 S PDK 4WD Euro 6 (s/s) 5dr,OPEN PANORAMIC ROOF~PRIVACY,,SUV,,3.0L,258BHP,,,1 owner,Highlanders GB - See all 50 cars,,,,,,,,,,,,,,
Porsche Macan,https://www.autotrader.co.uk/car-details/202402126477970?sort=relevance&advertising-location=at_cars&make=Porsche&page=6&postcode=WR3%207AE&fromsra,,3.0 TD V6 S PDK 4WD Euro 6 (s/s) 5dr,PANORAMIC ROOF,,SUV,,3.0L,258PS,,,2 owners,Wheelers Chipping Norton - See all 88 cars,,,,,,,,,,,,,,
Porsche Cayman,https://www.autotrader.co.uk/car-details/202302204448328?sort=relevance&advertising-location=at_cars&make=Porsche&page=6&postcode=WR3%207AE&fromsra,,3.4 987 S 2dr,"Cayman s 3.4 987 24V S, Compre",,Coupe,,3.4L,295BHP,,,Full service history,Alpino Cars Limited - See all 46 cars,,,,,,,,,,,,,,
Porsche Boxster,https://www.autotrader.co.uk/car-details/202309252352963?sort=relevance&advertising-location=at_cars&make=Porsche&page=6&postcode=WR3%207AE&fromsra,,3.2 987 S 2dr,,,Convertible,,3.2L,280BHP,,,8 owners,Amin Motors Ltd - See all 21 cars,,,,,,,,,,,,,,
Porsche Macan,https://www.autotrader.co.uk/car-details/202311214168311?journey=YOU_MAY_ALSO_LIKE_JOURNEY&sort=relevance&twcs=true&advertising-location=at_cars&make=Porsche&page=6&postcode=WR3%207AE&fromsra,,3.0 TD V6 S PDK 4WD Euro 6 (s/s) 5dr,Heated Seats - Heated Steering,,SUV,,3.0L,258BHP,,,Full service history,REPUTE AUTOMOTIVE - See all 10 cars,,,,,,,,,,,,,,
Porsche Macan,https://www.autotrader.co.uk/car-details/202311214168311?journey=FEATURED_LISTING_JOURNEY&sort=relevance&twcs=true&advertising-location=at_cars&make=Porsche&page=7&postcode=WR3%207AE&fromsra,,3.0 TD V6 S PDK 4WD Euro 6 (s/s) 5dr,Heated Seats - Heated Steering,,SUV,,3.0L,258BHP,,,Full service history,REPUTE AUTOMOTIVE - See all 10 cars,,,,,,,,,,,,,,
Porsche Boxster,https://www.autotrader.co.uk/car-details/202401025192842?sort=relevance&advertising-location=at_cars&make=Porsche&page=7&postcode=WR3%207AE&fromsra,,3.4 987 S 2dr,"£1,506 OF OPTIONAL EXTRAS!",,Convertible,,3.4L,295BHP,,,5 owners,V12 Sports & Classics Ltd - Hinckley - See all 332 cars,,,,,,,,,,,,,,
Porsche Cayman,https://www.autotrader.co.uk/car-details/202311164026149?sort=relevance&advertising-location=at_cars&make=Porsche&page=7&postcode=WR3%207AE&fromsra,,2.9 987 2dr,"R Aero Kit, Sports Chrono, PSE",,Coupe,,2.9L,265BHP,,,4 owners,"Mileage57,521 miles",,,,,,,,,,,,,,
Porsche Boxster,https://www.autotrader.co.uk/car-details/202402266945672?sort=relevance&advertising-location=at_cars&make=Porsche&page=7&postcode=WR3%207AE&fromsra,,2.7 986 2dr,"6 MONTH WARRANTY, MOT DEC 24",,Convertible,,2.7L,228BHP,,,4 owners,Autodroma,,,,,,,,,,,,,,
Porsche Boxster,https://www.autotrader.co.uk/car-details/202402156617575?sort=relevance&advertising-location=at_cars&make=Porsche&page=7&postcode=WR3%207AE&fromsra,,2.7 987 2dr,summers round the corner !,,Convertible,,2.7L,240BHP,,,6 owners,"Mileage97,000 miles",,,,,,,,,,,,,,
Porsche Cayenne,https://www.autotrader.co.uk/car-details/202402086363375?sort=relevance&advertising-location=at_cars&make=Porsche&page=7&postcode=WR3%207AE&fromsra,,4.8 Turbo Tiptronic S AWD 5dr,"FSH,WARRANTY,HUGE SPEC,SUNROOF",,SUV,,4.8L,500BHP,,,5 owners,Red Lion Motors - See all 35 cars,,,,,,,,,,,,,,
Porsche Cayenne,https://www.autotrader.co.uk/car-details/202310072746510?sort=relevance&advertising-location=at_cars&make=Porsche&page=7&postcode=WR3%207AE&fromsra,,3.2 V6 Tiptronic S AWD 5dr,"NAVIGATION,ULEZ FREE",,SUV,,3.2L,250BHP,,,,Tycoon Autos Ltd - See all 100 cars,,,,,,,,,,,,,,
Porsche Taycan,https://www.autotrader.co.uk/car-details/202402206776867?sort=relevance&advertising-location=at_cars&make=Porsche&page=7&postcode=WR3%207AE&fromsra,,Performance 79.2kWh Auto RWD 4dr,1 OWNER VAT QUAL GREAT SPEC,,Saloon,,402BHP,Automatic,,,,Bayer Car Sales - See all 68 cars,,,,,,,,,,,,,,
Porsche Cayenne,https://www.autotrader.co.uk/car-details/202402216793782?sort=relevance&advertising-location=at_cars&make=Porsche&page=7&postcode=WR3%207AE&fromsra,,4.2 TD V8 S TiptronicS 4WD Euro 5 (s/s) 5dr,HUGE SPEC! FPSH! STUNNING CAR!,,SUV,,4.2L,380BHP,,,Full dealership history,LHK Performance Cars Ltd - See all 30 cars,,,,,,,,,,,,,,
Porsche Boxster,https://www.autotrader.co.uk/car-details/202401185682450?sort=relevance&advertising-location=at_cars&make=Porsche&page=7&postcode=WR3%207AE&fromsra,,3.2 987 S 2dr,"FSH, BOSE, PCM, PASM, Heated",,Convertible,,3.2L,280BHP,,,,Magari Automotive - See all 67 cars,,,,,,,,,,,,,,
Porsche 944,https://www.autotrader.co.uk/car-details/202309051570329?sort=relevance&advertising-location=at_cars&make=Porsche&page=7&postcode=WR3%207AE&fromsra,,2.5 S 16V 2d 190 BHP,,,Coupe,,2.5L,190BHP,,,Part service history,Tiny Little Car Company - See all 5 cars,,,,,,,,,,,,,,
Porsche Macan,https://www.autotrader.co.uk/car-details/202311214168311?journey=YOU_MAY_ALSO_LIKE_JOURNEY&sort=relevance&twcs=true&advertising-location=at_cars&make=Porsche&page=7&postcode=WR3%207AE&fromsra,,3.0 TD V6 S PDK 4WD Euro 6 (s/s) 5dr,Heated Seats - Heated Steering,,SUV,,3.0L,258BHP,,,Full service history,REPUTE AUTOMOTIVE - See all 10 cars,,,,,,,,,,,,,,
